provider,site_name,municipality,district,postal_code,building_type,building_year,size_min_m2,size_max_m2,monthly_charge_eur_per_m2,right_of_occupancy_fee_avg_eur_per_m2,source_url,retrieved_on
Asuntosäätiö,Jaalaranta 10,Helsinki,Ruoholahti,00180,block_of_flats,1996,25.5,120,20.19,317.93,https://www.asuntosaatio.fi/asumisoikeusasunnot/helsinki/ruoholahti/jaalaranta-10/,2026-09-30
Asuntosäätiö,Atlantinkatu 8,Helsinki,Jätkäsaari,00220,block_of_flats,2025,30.5,100.5,20.80,767.32,https://www.asuntosaatio.fi/asumisoikeusasunnot/helsinki/jatkasaari/atlantinkatu-8/,2026-09-30
Asuntosäätiö,Verkkoneula 4,Helsinki,Kalasatama,00580,block_of_flats,2025,28.5,81,19.50,789.67,https://www.asuntosaatio.fi/asumisoikeusasunnot/helsinki/kalasatama/verkkoneula-4/,2026-09-30
Asuntosäätiö,Kuormakatu 6,Helsinki,Pasila,00240,block_of_flats,2024,30.5,88,16.97,727.57,https://www.asuntosaatio.fi/asumisoikeusasunnot/helsinki/pasila/kuormakatu-6/,2026-09-30
Asuntosäätiö,Toini Muonan katu 3 B,Helsinki,Arabianranta,00560,block_of_flats,2004,27,93.5,19.79,431.05,https://www.asuntosaatio.fi/asumisoikeusasunnot/helsinki/arabianranta/toini-muonan-katu-3-b/,2026-09-30
Asuntosäätiö,Kivikonkaari 20,Helsinki,Kivikko,00940,block_of_flats,2000,32,109.5,13.70,362.60,https://www.asuntosaatio.fi/asumisoikeusasunnot/helsinki/kivikko/kivikonkaari-20/,2026-09-30
Asuntosäätiö,Teerisuontie 5,Helsinki,Malmi,00700,block_of_flats,2012,23,90.5,16.21,591.79,https://www.asuntosaatio.fi/asumisoikeusasunnot/helsinki/malmi/teerisuontie-5/,2026-09-30
Asuntosäätiö,Vanhaistentie 1 e,Helsinki,Kannelmäki,00420,block_of_flats,2022,28.5,85.5,17.56,617.98,https://www.asuntosaatio.fi/asumisoikeusasunnot/helsinki/kannelmaki/vanhaistentie-1-e/,2026-09-30
Asuntosäätiö,Ounasvaarantie 7,Helsinki,Mellunmäki,00970,block_of_flats,1994,40,98,13.89,219.84,https://www.asuntosaatio.fi/asumisoikeusasunnot/helsinki/mellunmaki/ounasvaarantie-7/,2026-09-30
Asuntosäätiö,Tilkankatu 27,Helsinki,Pikku Huopalahti,00300,block_of_flats,1996,44,108.5,18.78,383.07,https://www.asuntosaatio.fi/asumisoikeusasunnot/helsinki/pikku-huopalahti/tilkankatu-27/,2026-09-30
Asuntosäätiö,Karavaanikuja 4,Helsinki,Vuosaari,00980,block_of_flats,2018,32,59,16.17,640.55,https://www.asuntosaatio.fi/asumisoikeusasunnot/helsinki/vuosaari/karavaanikuja-4/,2026-09-30
Asuntosäätiö,Hiomotie 24,Helsinki,Pitäjänmäki,00380,block_of_flats,2013,47,85,18.38,577.40,https://www.asuntosaatio.fi/asumisoikeusasunnot/helsinki/pitajanmaki/hiomotie-24/,2026-09-30
Asuntosäätiö,Merikarhunkuja 8,Espoo,Kivenlahti,02320,block_of_flats,1997,47,114.5,13.84,375.48,https://www.asuntosaatio.fi/asumisoikeusasunnot/espoo/kivenlahti/merikarhunkuja-8/,2026-09-30
Asuntosäätiö,Albergan Esplanadi 4,Espoo,Leppävaara,02600,block_of_flats,1996,28,100.5,16.87,427.57,https://www.asuntosaatio.fi/asumisoikeusasunnot/espoo/leppavaara/albergan-esplanadi-4/,2026-09-30
Asuntosäätiö,Tiimalasintie 4,Espoo,Saunalahti,02330,block_of_flats,2010,38,80.5,15.61,576.82,https://www.asuntosaatio.fi/asumisoikeusasunnot/espoo/saunalahti/tiimalasintie-4/,2026-09-30
Asuntosäätiö,Karakalliontie 1 L,Espoo,Karakallio,02620,block_of_flats,2022,27,60,17.69,610.56,https://www.asuntosaatio.fi/asumisoikeusasunnot/espoo/karakallio/karakalliontie-1-l/,2026-09-30
Asuntosäätiö,Minkkitie 10,Vantaa,Korso,01450,block_of_flats,1992,44.5,100,13.23,179.26,https://www.asuntosaatio.fi/asumisoikeusasunnot/vantaa/korso/minkkitie-10/,2026-09-30
Asuntosäätiö,Illenpiha 2,Vantaa,Kartanonkoski,01520,block_of_flats,2004,40,87.5,16.05,470.23,https://www.asuntosaatio.fi/asumisoikeusasunnot/vantaa/kartanonkoski/illenpiha-2/,2026-09-30
Asuntosäätiö,Ulrikankuja 10,Vantaa,Rekola,01400,block_of_flats,2010,41.5,98,14.92,574.81,https://www.asuntosaatio.fi/asumisoikeusasunnot/vantaa/rekola/ulrikankuja-10/,2026-09-30
Asuntosäätiö,Spinellipolku 3,Vantaa,Kivistö,01700,block_of_flats,2023,33,87,14.64,653.11,https://www.asuntosaatio.fi/asumisoikeusasunnot/vantaa/kivisto/spinellipolku-3/,2026-09-30
Asuntosäätiö,Piettasenristi 12,Tampere,Linnainmaa,33580,block_of_flats,1996,38,87.5,11.64,280.82,https://www.asuntosaatio.fi/asumisoikeusasunnot/tampere/linnainmaa/piettasenristi-12/,2026-09-30
Asuntosäätiö,Dunckerinkatu 4,Tampere,Atala,33580,block_of_flats,2002,41,89,12.85,352.55,https://www.asuntosaatio.fi/asumisoikeusasunnot/tampere/atala/dunckerinkatu-4/,2026-09-30
Asuntosäätiö,Bäckströminkatu 1,Tampere,Ojala,33610,block_of_flats,2025,26,98.5,13.90,509.66,https://www.asuntosaatio.fi/asumisoikeusasunnot/tampere/ojala/backstrominkatu-1/,2026-09-30
Asuntosäätiö,Aasianpiha 2 ja 6,Tampere,Hervanta,33720,block_of_flats,2026,40,97.5,13.25,542.97,https://www.asuntosaatio.fi/asumisoikeusasunnot/tampere/hervanta/aasianpiha-2-ja-6/,2026-09-30
