parameter_code,description,value,unit,valid_from,valid_to,source_url,retrieved_on
transfer_tax_rate_housing_shares,Transfer tax on shares in a housing company as a share of the debt-free price,0.015,ratio,2023-10-12,,https://www.vero.fi/en/individuals/property/transfer-tax/buyer-of-a-flat/,2026-09-30
transfer_tax_rate_housing_shares,Transfer tax on shares in a housing company as a share of the debt-free price,0.02,ratio,,2023-10-11,https://www.vero.fi/en/About-us/newsroom/lehdist%C3%B6tiedotteet/2023/transfer-tax-rates-for-residential-property-real-estate-and-securities-will-change--the-tax-administration-will-refund-any-excess-amounts-to-taxpayers/,2026-09-30
first_time_buyer_transfer_tax_exempt,First-time buyer exemption from transfer tax (1 = available),0,flag,2024-01-01,,https://www.vero.fi/en/individuals/property/transfer-tax/buying_your_first_hom/,2026-09-30
first_time_buyer_transfer_tax_exempt,First-time buyer exemption from transfer tax (1 = available),1,flag,,2023-12-31,https://www.vero.fi/en/individuals/property/transfer-tax/buying_your_first_hom/,2026-09-30
first_time_buyer_min_age,Minimum age for the first-time buyer transfer tax exemption,18,years,,2023-12-31,https://www.vero.fi/en/individuals/property/transfer-tax/buying_your_first_hom/,2026-09-30
first_time_buyer_max_age,Maximum age for the first-time buyer transfer tax exemption,39,years,,2023-12-31,https://www.vero.fi/en/individuals/property/transfer-tax/buying_your_first_hom/,2026-09-30
capital_income_tax_rate_lower,Tax rate on capital income up to the threshold,0.30,ratio,,,https://www.vero.fi/en/individuals/property/selling-your-home/taxable-sale-of-a-residential-property/,2026-09-30
capital_income_tax_rate_upper,Tax rate on capital income above the threshold,0.34,ratio,,,https://www.vero.fi/en/individuals/property/selling-your-home/taxable-sale-of-a-residential-property/,2026-09-30
capital_income_tax_threshold,Annual capital income above which the upper rate applies,30000,EUR,,,https://www.vero.fi/en/individuals/property/selling-your-home/taxable-sale-of-a-residential-property/,2026-09-30
home_sale_exemption_min_ownership_years,Minimum ownership period for a tax-exempt sale of own home,2,years,,,https://www.vero.fi/en/individuals/property/selling-your-home/selling-your-home/,2026-09-30
home_sale_exemption_min_residence_years,Minimum continuous permanent residence for a tax-exempt sale of own home,2,years,,,https://www.vero.fi/en/individuals/property/selling-your-home/selling-your-home/,2026-09-30
presumptive_acquisition_cost_rate_short,Presumptive acquisition cost as a share of the selling price when owned less than 10 years,0.20,ratio,,,https://www.vero.fi/en/individuals/property/selling-your-home/taxable-sale-of-a-residential-property/,2026-09-30
presumptive_acquisition_cost_rate_long,Presumptive acquisition cost as a share of the selling price when owned 10 years or more,0.40,ratio,,,https://www.vero.fi/en/individuals/property/selling-your-home/taxable-sale-of-a-residential-property/,2026-09-30
presumptive_acquisition_cost_threshold_years,Ownership period from which the higher presumptive acquisition cost applies,10,years,,,https://www.vero.fi/en/individuals/property/selling-your-home/taxable-sale-of-a-residential-property/,2026-09-30
home_loan_interest_deduction_rate,Share of home loan interest deductible from taxes,0,ratio,2023-01-01,,https://www.vero.fi/en/individuals/deductions/what-can-I-deduct/deduction-for-home-loan-interest/,2026-09-30
max_loan_to_collateral_first_home,Maximum loan-to-collateral ratio for first-home loans,0.95,ratio,,,https://www.finanssivalvonta.fi/en/financial-market-stability/macroprudential/macroprudential-decisions-and-appendices/macroprudential-decisions-2026/macroprudential-decision-29-june-2026,2026-09-30
max_loan_to_collateral_other,Maximum loan-to-collateral ratio for housing loans other than first-home loans,0.95,ratio,2026-07-01,,https://www.finanssivalvonta.fi/en/financial-market-stability/macroprudential/macroprudential-decisions-and-appendices/macroprudential-decisions-2026/macroprudential-decision-29-june-2026,2026-09-30
max_loan_to_collateral_other,Maximum loan-to-collateral ratio for housing loans other than first-home loans,0.90,ratio,,2026-06-30,https://www.finanssivalvonta.fi/en/financial-market-stability/macroprudential/macroprudential-decisions-and-appendices/macroprudential-decisions-2026/macroprudential-decision-29-june-2026,2026-09-30
aso_refund_deadline_months,Months within which the ASO community must refund the right-of-occupancy fee after notice,3,months,,,https://www.finlex.fi/fi/lainsaadanto/2021/393,2026-09-30
aso_refund_floor_ratio,Minimum refund as a share of the first right-of-occupancy fee,1,ratio,,,https://www.finlex.fi/fi/lainsaadanto/2021/393,2026-09-30
aso_transfer_follows_home_sale_rules,Gain on giving up a right of occupancy is taxed like the sale of own home (1 = yes),1,flag,,,https://www.vero.fi/syventavat-vero-ohjeet/ohje-hakusivu/48921/verovapaa-oman-asunnon-luovutus/,2026-09-30
